<?xml version="1.0" encoding="UTF-8"?>
<beans xmlns="http://www.springframework.org/schema/beans"
	xmlns:xsi="http://www.w3.org/2001/XMLSchema-instance"
	xsi:schemaLocation="http://www.springframework.org/schema/beans http://www.springframework.org/schema/beans/spring-beans-2.0.xsd">

	<bean id="viewResolver"
		class="org.springframework.web.servlet.view.InternalResourceViewResolver">
		<property name="prefix" value="/jsp/" />
		<property name="suffix" value=".jsp" />
	</bean>

	<bean id="homePage"
		class="com.uhg.sag.portal.springweb.core.HomePageController" />

	<bean id="calculator"
		class="com.uhg.sag.portal.springweb.core.CalculatorController">
		<property name="formView" value="calculator" />
		<property name="successView" value="calculator" />
		<property name="commandName" value="calculatorDTO" />
		<property name="commandClass"
			value="com.uhg.sag.portal.springweb.core.CalculatorDTO" />
	</bean>


	<bean id="simpleUrlMapping"
		class="org.springframework.web.servlet.handler.SimpleUrlHandlerMapping">
		<property name="mappings">
			<props>
				<prop key="/home.do">homePage</prop>
				<prop key="/calculator.do">calculator</prop>
			</props>
		</property>
	</bean>
</beans>
